r924	is a proprietary raster graphics editor by
r348	is the opposite of
r2146	encompasses
r1564	is a feature on
r506	also called
r2204	optical components for binary digital computer(relatedTo)
r1243	developed
r573	is a method for
r938	is a lineal descendant of
r1232	coded
r331	is a feature of
r477	is written entirely
r109	was a component of
r590	isBiology field(relatedTo)
r619	isTexas State System(relatedTo)
r2453	is a difference in
r1917	ceased
r1064	is a tiling window manager for
r2516	is an american class of
r26	conceptIn
r2288	is a low-priced tablet computer from
r1449	isModels and theories(relatedTo)
r2385	 in operating systems(relatedTo)
r2488	is more efficient
r18	isTheories(relatedTo)
r1376	fundamental theorem of calculus(relatedTo)
r481	violates
r854	are those of
r1727	is multitrack audio recording software for
r1123	 problem(relatedTo)
r516	is a mixture of
r1409	can not fix
r872	methodologies(relatedTo)
r409	models for(relatedTo)
r55	study of(relatedTo)
r16	concepts and frameworks(relatedTo)
r1514	important open problems(relatedTo)
r1709	commonly abbreviated
r275	is evaluated
r296	types of inputs and outputs(relatedTo)
r1502	mathematical properties(relatedTo)
r2022	the z plane in a galois field(relatedTo)
r2010	is any distinguishable space within
r1953	promotes
r2397	is an iaas ( infrastructure as
r1223	ensured
r557	isConcepts and theories(relatedTo)
r424	is a subgroup of
r376	task(relatedTo)
r969	is the behavior of
r503	applications to other fields(relatedTo)
r850	made
r1980	is a contemporary movement in
r2502	is an inherently interdisciplinary field of
r2036	is symbolized
r1591	drawing
r717	is an important aspect of
r2063	systems implementing(relatedTo)
r1350	was the predominant kind of
r2464	renamed
r743	is the period of
r379	is a region in
r1296	is a special kind of
r2071	to change
r2061	being a common synonym for
r2438	is a free open source windows package for
r1654	other types(relatedTo)
r2596	is not tied
r2404	was a cold war-era territorial conflict between
r751	is the owner of
r979	was a special form of
r2151	rivals
r923	modifications to the pid algorithm(relatedTo)
r2266	situated
r40	isApplications(relatedTo)
r616	was a five-cylinder , air-cooled , radial engine for
r171	isChemical field(relatedTo)
r2062	[is] processor [of]
r432	common types of s(relatedTo)
r1967	is the end product of
r993	is a software installer for
r605	isSwarm algorithms(relatedTo)
r396	the basic gene expression algorithm(relatedTo)
r1152	having
r336	isIndustrial design(relatedTo)
r1825	is a personal information manager from
r2263	was a "plug-out " extension for
r2338	is a fundamental solution of
r2365	is family [of]
r2347	is exercised
r1145	can see
r1732	cable theory(relatedTo)
r1169	isManagement-related topics(relatedTo)
r59	is the exchange of
r2073	distributed
r1521	is a basic piston engine configuration of
r229	is the most commonly used 10base-f specification of
r1171	is a sub-speciality of
r1575	linear-algebraic list decoding algorithm(relatedTo)
r365	isTypes / location(relatedTo)
r676	is a mail notification system for
r499	isSystems scientists(relatedTo)
r493	was suddenly discontinued
r1770	is type of
r65	is an anti-malware utility for
r1724	assessed
r2186	could be such
r2148	is the intersection graph of
r2544	was implemented
r2372	is travel for
r2224	is the change in
r997	isMain Topics(relatedTo)
r634	involves
r107	isTypes(relatedTo)
r1262	is the gain of
r577	isIndustrial control system(relatedTo)
r105	examples(relatedTo)
r714	is a lightweight open source database management system in
r704	is the strength of
r2451	lacking
r1193	extinguishing
r1595	is the utilization of
r1420	delimited
r1333	linking
r2286	simply is
r332	problemIn
r1089	most common implementation (set theory)(relatedTo)
r427	make
r251	file system(relatedTo)
r1489	is a major research topic in
r2251	is an object-oriented rapid application development tool for
r1196	isDesign of experiments(relatedTo)
r1357	is an open source implementation of
r2261	classical theory(relatedTo)
r1979	is a short humorous piece of
r1711	[is] a editor [of]
r806	is a personal accessory of
r1157	to define
r2070	is n't necessarily
r1068	wheeled
r408	has begun
r261	isAvionic and flight instrument systems(relatedTo)
r2227	is the tendency for
r1326	was a line of
r492	is a database query and report writer tool from
r456	isSystem components(relatedTo)
r490	is an example of
r345	invariance theorem(relatedTo)
r146	to provide
r749	relevant technologies and techniques(relatedTo)
r2111	is a specialized type of
r2054	is a small piece of
r1573	is an optical character recognition suite for
r1448	is a free and open source add-on for
r905	reaches
r1029	is a mode of
r1093	[is] company [of]
r910	is the generation of
r1016	isBiological and related topics(relatedTo)
r936	is a macintosh computer source code editor and debugging environment for
r952	ran
r1930	is a mathematical game and area of
r845	does not strongly reflect
r2554	isSoftware applications(relatedTo)
r1643	lowered
r857	is a piece of
r1568	 to affect
r1947	are the largest categories by
r1407	was the color of
r91	isTechniques(relatedTo)
r730	is the variant of
r1741	is an image processing application for
r694	approachTo
r1132	is so strongly
r892	classes of s(relatedTo)
r95	is a discontinued brand name for
r2414	scans
r1949	is the abundance of
r1944	is the gathering of
r545	isComplementarity Problems(relatedTo)
r1524	oriented
r831	[is] the computer [of]
r903	in frequentist statistics and decision theory(relatedTo)
r915	is a utility by
r2345	history of the field(relatedTo)
r2334	is any new construction on
r415	isMajor topics(relatedTo)
r391	how  algorithms work(relatedTo)
r85	isConcepts(relatedTo)
r1614	can kill
r407	techniques(relatedTo)
r121	explicit construction of the irreducible s(relatedTo)
r1371	is an open source debugger and profiler for
r175	isSet types(relatedTo)
r670	is a compressed read-only file system for
r1515	is a major unsolved problem in
r1436	methods for one-dimensional integrals(relatedTo)
r1817	is a web browser for
r428	was an open source emulator for
r2639	is a simplified version of
r1555	is the promotion of
r606	is   Waves Fields(relatedTo)
r1511	is an action of
r1231	[is] the opposite of
r1419	is statistical software for
r478	is an adaptation of
r2234	is any arbitrary yes-or-no question on
r957	is a compositing window manager for
r1753	other topics(relatedTo)
r1566	other fields(relatedTo)
r2119	isEscape systems(relatedTo)
r1117	isComputability theory(relatedTo)
r1135	design methods(relatedTo)
r1478	[is] a clone of
r1110	is an advanced variant of
r12	is public domain statistical software for
r1460	is a british monthly magazine about
r1529	is an independent mail application for
r491	isChaos theory(relatedTo)
r2626	may contradict
r798	is the level of
r2055	is commonly written
r2050	isTypes of markets(relatedTo)
r462	is the gravitationally curved path of
r1021	may cause
r976	became onwards
r2374	is an investigational selective androgen receptor modulator ( sarm ) for
r679	billiards
r1499	other types of(relatedTo)
r2000	to handle
r37	isSoftware development(relatedTo)
r1114	is an application of
r2460	is the earliest part of
r2075	is the movement by
r2580	built
r266	is the symmetry group of
r400	is the conscious withdrawal of
r2479	was an optimization branch of
r2112	[is] transfer [of]
r257	is a commercial educational software for
r422	is an additional form of
r917	is the metre per
r2618	was developed
r1690	is the representation or reproduction of
r2279	is a strong form of
r1999	is a cloud-based development platform as
r1219	is a high-speed , point-to-point , 32-bit technology for
r723	is the acquisition of
r966	is a part of
r1225	is a feature in
r2249	is the end of
r247	isData structures(relatedTo)
r417	isResearch centers(relatedTo)
r2572	is a free software web browser extension for
r1706	[is] life [of]
r1355	is a general-purpose high-level programming language for
r1848	is a particularly efficient form of
r767	can shoot
r664	isBackground concepts(relatedTo)
r1201	is a simple type of
r2432	to reach
r531	traditional problems raised concerning(relatedTo)
r1398	is open source under
r1427	is the initialism for
r2425	is a general-purpose gui text editor for
r898	is a peer-to-peer video streaming solution for
r1646	is a statement about
r1881	is an open source distribution of
r1105	is amenable
r828	specialty areas(relatedTo)
r132	examples of malware(relatedTo)
r1835	reflects
r459	contains
r1665	is a free and open-source video editing app for
r935	progresses
r1176	to produce
r2335	is written mostly
r2122	has been
r521	isMiscellaneous concepts(relatedTo)
r1329	isSet theory(relatedTo)
r1337	is as far
r2364	is a science fiction first-person shooter video game series from
r2014	targets and methods(relatedTo)
r160	areas of(relatedTo)
r1504	focused
r2213	writes
r443	related concepts(relatedTo)
r1418	pseudocode examples comparing various paradigms(relatedTo)
r724	is defined independently
r71	is an itu-t standard protocol suite for
r2606	extends
r2134	is an open source firewall tool for
r1156	to phone
r1776	designated
r1903	is the square root of
r2074	to designing
r2035	formal logical systems(relatedTo)
r1916	embedded
r387	combinatorial algorithms(relatedTo)
r1972	[is] father of
r1834	is a 1 metre high humanoid robot testbed for
r2033	is the afterstep terminal emulator for
r1991	bifurcation types(relatedTo)
r1284	is a seat on
r1285	was an implementation of
r1902	mounted
r597	does not handle
r907	is an additional source of
r2503	is a certificate of
r2195	checkmating
r1959	deployed
r209	isMetatheory of science(relatedTo)
r1387	main subdivisions(relatedTo)
r2023	trigonometry over a galois field(relatedTo)
r453	is a sip user agent for
r419	is the form of
r574	contrast with other classes of systems(relatedTo)
r1842	is typically two weeks or less per
r2293	is a filesystem service for
r1746	is a social networking site for
r572	is Methods and activities(relatedTo)
r441	factoring algorithms(relatedTo)
r2537	must provide
r1634	isTypes of generations(relatedTo)
r927	is a highly conductive allotrope of
r1598	is a fork of
r2281	generating
r265	isTypes of groups(relatedTo)
r588	can tessellate
r882	is top
r1806	is therefore a major factor in
r735	algorithms for control learning(relatedTo)
r932	properties of series(relatedTo)
r2457	is not necessarily
r779	is a common source of
r311	related properties(relatedTo)
r1778	parts of fluid system(relatedTo)
r1102	is australiaâ€™s largest online food and beverage ordering service company by
r1921	analysis stereotypes(relatedTo)
r2378	is a graphical frontend for
r2327	is a novell groupwise wireless
r2375	is a fundamental category of
r2145	is the false coin problem of
r1430	isRelated to electronic systems(relatedTo)
r2039	is a raster graphics editor for
r537	is the original name for
r1688	: topics(relatedTo)
r2631	is the last version of
r1543	formal definition and basic terminology(relatedTo)
r475	coding systems(relatedTo)
r1733	research use(relatedTo)
r683	is a competing technology with
r1779	was open source under
r1163	practicing
r1656	was a major success for
r1718	was the built-in firewall of
r1344	is assessed
r762	common formal definitions(relatedTo)
r760	is a marketing term for
r2415	has taken
r204	isClassifications(relatedTo)
r538	selling
r1158	spend together
r2280	is a mathematical formalization of
r414	is a music-oriented capacitive touchscreen smartphone and portable entertainment device by
r1032	is any form of
r1303	calls
r469	isSystems Theory(relatedTo)
r2597	is a 16-bit microcontroller architecture from
r2058	to view
r1728	commonly called
r410	is a description of
r203	[is] name [of]
r2376	is expected
r1863	is a traditional term for
r1824	is a self-adjusting form of
r739	is an open source package management system for
r1215	was the first new assembler language from
r583	is a one-design class of
r975	is a sudden , involuntary contraction of
r2126	isResearchers(relatedTo)
r1464	is the professional flagship digital slr camera body by
r2230	is domestically
r86	solution concepts(relatedTo)
r2558	is nonfiction or fiction prose or poetry about
r1055	fields(relatedTo)
r1554	can contain
r771	design issues(relatedTo)
r1126	is a practitioner of
r621	isStatistical field theory(relatedTo)
r585	snr for various modulation systems(relatedTo)
r2454	was progress in
r1275	[is] provider [of]
r1322	is an np-hard problem in
r32	isSystem failure(relatedTo)
r292	isTheory of computation(relatedTo)
r765	is the maximum price that
r2598	is developer [of]
r1475	is the first documented version of
r1816	terminology and usage(relatedTo)
r540	terminology and theory of inferential(relatedTo)
r212	written
r2139	is a free planetarium program for
r1639	is a website on
r2368	is cured
r1054	is acronym for
r1918	is a circular concave piece of
r186	methodology(relatedTo)
r1399	exposes
r43	techniqueIn
r1451	is a software solution for
r2225	learning
r2643	will determine n
r1586	applications and adoption(relatedTo)
r425	isLegal systems(relatedTo)
r835	is an industry standard tool for
r392	types of image features(relatedTo)
r1035	is a set of
r1072	is the characteristic of
r191	isIPv4 to IPv6 topics(relatedTo)
r1458	is a precursor for
r47	reflect
r458	is a computer operating system for
r998	theoretical properties(relatedTo)
r1558	important system properties(relatedTo)
r911	is mainly
r983	examples of flexible s(relatedTo)
r2393	is the brand name of
r1166	to share
r1910	key concepts from the literature(relatedTo)
r147	isSystems types(relatedTo)
r1014	is a cloud storage and cloud computing service from
r1294	generally promotes
r1472	is lord of
r1607	comprises
r719	to be rung
r1049	loses
r1909	may improve
r2115	is a limb of
r201	model types(relatedTo)
r1389	was a software program for
r1033	is ultimately
r2250	is a hypothetical device using antimatter as
r1982	is a minimal notion of
r1069	shared
r1426	to yield
r1544	is a proposed paradox of
r1358	enabled
r609	is an enhanced version of
r150	is any frequency within
r1513	 fundamentals(relatedTo)
r2150	has largely replaced
r2566	saved
r2357	[is] simple [of]
r2545	is a certain type of
r262	isMajor concepts(relatedTo)
r1879	other mimo-related radio techniques applied to wimax(relatedTo)
r2484	is the technological and social context of
r304	should remain
r1740	enables
r2329	machine models and complexity measures(relatedTo)
r2444	does not run
r2183	distributed systems algorithms(relatedTo)
r321	examples and applications(relatedTo)
r1040	is a topic of
r747	saves
r1692	is a specific type of
r384	human bci research(relatedTo)
r1719	leverages
r155	approaches(relatedTo)
r2417	to be compiled
r1755	is a property of
r1699	is a mobile operating system from
r1181	isTopics and concepts(relatedTo)
r1542	theorems in logic(relatedTo)
r1139	only standardizes
r2027	is a specialized field of
r1583	 compared to related concepts(relatedTo)
r686	is a stacking window manager for
r1620	is any kind of
r100	is a genre of
r1127	isModel theory(relatedTo)
r1701	isTypes of reference works(relatedTo)
r1987	does not support
r666	is a family of
r2530	is a design concept for
r1416	ecosystem ecology(relatedTo)
r1053	are a superset of
r2302	is a host-based application firewall for
r839	is the selective restriction of
r2559	is a small distribution of
r148	is the latest release in
r411	identification methods(relatedTo)
r182	is the movement of
r290	main models of agency problems(relatedTo)
r28	isTheory(relatedTo)
r1743	to interpret
r1765	is a discontinued dvd-creation application for
r722	is a service in
r248	is the measure of
r1208	 of dynamics systems:  in system dynamics(relatedTo)
r1473	is a news aggregator for
r2180	bezout's identity and extended gcd algorithm(relatedTo)
r1854	is reducing
r2174	is the image of
r2624	is a diverse field of
r64	runs f n
r2646	is a key ingredient in
r2324	is primarily written
r1682	is an existential/experiential form of
r2593	implementing
r604	archetypes(relatedTo)
r1066	is a contraction of
r2254	automated
r2176	topics in systems dynamics(relatedTo)
r2256	modelling-based methods(relatedTo)
r1191	learning techniques(relatedTo)
r565	is a cad program for
r1199	consuming
r2283	predates
r1327	methods of studying proteins(relatedTo)
r2627	can amplify
r2059	exhibits
r143	software(relatedTo)
r1674	is a strict superset of
r2526	is transferred
r2044	drive
r1960	performing
r829	is the randomized distribution of
r1878	is a particular case of
r2222	arrived
r1939	is a three-tier high-level general purpose computer application platform on
r2589	primitive s(relatedTo)
r1673	sold
r99	isTopics(relatedTo)
r956	is shone by
r159	will absorb
r353	theory(relatedTo)
r2326	is a hypothesis of
r2106	is thus
r8	methodIn
r1187	isSoftware factories(relatedTo)
r1236	to maintain
r1666	is an operation on
r1550	also contains
r133	malicious software (malware)(relatedTo)
r1681	[is] researcher [of]
r2177	receiving
r539	examples of cnc machines(relatedTo)
r2114	is a proprietary dialect of
r202	classification of sources(relatedTo)
r2461	covers
r1290	grown
r1677	is the formal name for
r1177	[is] page [of]
r1077	general properties of truth-functional interpretations(relatedTo)
r2459	was a dedicated computer graphics workstation for
r2630	is the first version of
r2005	designs(relatedTo)
r1941	is a deep learning research project at
r2235	is a social networking website with
r324	operates
r527	isSoftware notations and tools(relatedTo)
r152	definitionIn
r4	typeOf
r637	problem decomposition(relatedTo)
r1495	is the shared technology within
r195	design(relatedTo)
r1361	is a global blood flow parameter of
r1336	is the arrival of
r709	software focuses(relatedTo)
r570	isDefunct properties(relatedTo)
r1869	is the most common application of
r2001	is implemented
r218	is the value of
r164	subField(relatedTo)
r2079	performs
r2465	launched
r494	engaging
r949	isGame Theory(relatedTo)
r814	networking
r465	isDefinitions(relatedTo)
r703	is a particularly dangerous form of
r78	predated
r2021	error correction algorithms(relatedTo)
r562	is a british glossy , all-colour , monthly magazine about
r866	isSystems ...(relatedTo)
r1062	is a port of
r1415	is a modern descendant of
r1864	represents
r1995	is a database management system for
r1043	is a suffix tree for
r1188	signaling
r1738	databases
r2136	definitions of "information"(relatedTo)
r140	is a term for
r1461	is a major branch of
r648	is Digital systems(relatedTo)
r578	is a special case of
r1252	steers
r13	subAreaOf
r1097	connected
r2547	was a series of
r770	is the successor of
r69	types of(relatedTo)
r2603	function
r2403	to mobilize
r1378	accidentally radiates
r1081	applications and types(relatedTo)
r2201	is a popular freeware utility for
r102	allocates
r439	for messaging
r838	a guide to the formal definitions(relatedTo)
r287	types and examples of  databases(relatedTo)
r1291	is a software framework by
r1680	is an embedded firewall distribution of
r2579	has achieved
r1500	is a body of
r1130	is a recent terminology in
r2066	changed then
r2241	are any of
r2352	is paralysis of
r1365	is a process of
r2203	is greek for
r941	is any member of
r46	componentIn
r789	isField offices(relatedTo)
r2265	was formed
r1915	is the dimension of
r1962	ranks
r1432	is a generic term for
r2129	was a unique app for
r284	isExamples in numerical order(relatedTo)
r1678	is separation of
r327	is a category of
r1186	is a block of
r512	to gain
r98	is the designation for
r1308	is the absence of
r1984	takes primarily not exclusively
r1241	theoretical benefits and applications(relatedTo)
r1259	isSteps in design(relatedTo)
r1305	research examples(relatedTo)
r1913	is a simple technique in
r1467	to catch
r1525	is a pared-down version of
r1952	encoded
r1527	is a hosting control panel for
r2304	controls
r996	isSystem Properties(relatedTo)
r2514	was a computer backgammon
r1802	is a symbolic representation of
r2226	making
r1565	is so on
r277	won
r359	part numbering standards/specifications(relatedTo)
r1004	is copyright by
r1772	potential applications(relatedTo)
r1799	examples: computer algorithms(relatedTo)
r2396	is mainly written
r1107	is an unspecified large group of
r1647	is a graphical user interface builder/rad-tool for
r2563	is the assignment of
r1650	thirteen principles of display design(relatedTo)
r53	isOperating systems(relatedTo)
r1931	is an operating system for
r1764	is a modern form of
r2041	is the fourth most popular type of
r1622	is a remote hardware device from
r1986	by gosling
r2482	is a quality of
r800	problem formulation(relatedTo)
r2513	to accept
r123	using
r950	is an application program and programming tool for
r136	current software platforms(relatedTo)
r824	[is] a subsidiary [of]
r1118	does not explicitly call
r1630	to monitor
r14	isAreas(relatedTo)
r1278	[is] the form factor [of]
r1175	[is] source [of]
r1078	is a cross-platform relational database application from
r31	isRelated Fields(relatedTo)
r1138	was an early example of
r111	is an object database for
r2040	was a dialect of
r661	isEpidemiology/ methods(relatedTo)
r38	isBasic concepts(relatedTo)
r1927	began
r951	features
r2158	is a stripped-down version of
r1079	is the smell of
r1791	is a pocket in
r1024	[is] manufacturer [of]
r2601	is serbian word for
r346	isNaive set theory(relatedTo)
r2565	is both a business strategy from
r1687	is the most abundant metal by
r560	examples of intelligent s(relatedTo)
r769	is some form of
r1652	is a thought experiment in
r1671	from delaying
r144	alternative measures of success(relatedTo)
r827	is the permissible limit or limits of
r1300	isSoftware organization(relatedTo)
r2641	is also done
r2305	is an open source mapping toolkit for
r1561	is a large decorative covered container of
r112	is the state of
r110	can transmit
r373	isBiological concepts(relatedTo)
r1251	has hit
r88	consisting
r1739	is the inclusion of
r1466	attacks based on vulnerabilities in software applications(relatedTo)
r2373	was a website creation and hosting service by
r1319	is a tablet computer co-developed by
r479	is disregarded
r720	isGuidelines for human subject research(relatedTo)
r2557	is a popular previewing tool and rendering engine for
r1752	systems(relatedTo)
r305	is rapidly oxidised
r960	miller's s theory(relatedTo)
r973	isControl Applications(relatedTo)
r2366	has longer
r56	seeking
r2097	is a measure of
r1248	is labeled
r2336	is an online service for
r1658	has created
r21	duality theory(relatedTo)
r507	is any source of
r991	was a lecture attacking ornament in
r364	is the next generation of
r2497	is the publishing or transfer of
r1638	will be
r1841	system overview(relatedTo)
r1723	is a course of
r1640	is a winner of
r2290	types of protection(relatedTo)
r2551	is a discontinued version of
r1570	is an android smartphone from
r1096	is a room or part of
r889	[is] a application development tool [of]
r2257	is a recent field of
r2240	can never be
r1341	is the degree of
r2602	is a proprietary encrypted instant messaging application for
r688	is the original version of
r1265	ecosystem(relatedTo)
r699	[is] small factor [of]
r663	isComputer systems organization(relatedTo)
r710	plc topics(relatedTo)
r1672	clinical tasks(relatedTo)
r416	isResearch tools(relatedTo)
r2118	magnetic field(relatedTo)
r1579	is a generic input event interface in
r1838	is an entry-level desktop publishing application from
r1906	applications in computer science(relatedTo)
r1328	is the design of
r700	packaged
r366	is a method in
r1745	is an important area of
r896	for exploring
r1633	is a simple shape in
r273	is an element of
r1317	is the conversion of
r153	was an oem version of
r238	[is] computer [of]
r1221	effectively encourages
r2480	is a classic example of
r243	is a variant of
r1421	paying
r2013	is a by
r158	think
r1623	is a wireless internet appliance from
r420	isStorage access and file systems(relatedTo)
r1919	is a proprietary freeware tool for
r1395	system-of-systems topics(relatedTo)
r646	is a discontinued application from
r1405	publicly describing
r1769	switching
r1375	is a commercial scientific text editor for
r2434	is designed
r96	is see
r1488	is at once
r174	isMajor types(relatedTo)
r1050	is a classical algorithm for
r1119	containing
r198	protective countermeasures(relatedTo)
r757	isProprietary software(relatedTo)
r299	isLiterary theory(relatedTo)
r1425	deprived
r1160	to save
r1012	is a programming language with
r1321	is an important part of
r2228	is a normal form of
r2019	magically falls
r1400	set
r1312	may be
r2391	is a matter of
r1182	is a general form of
r2408	is the physical property of
r571	is the study of
r2560	algebraic properties(relatedTo)
r653	isConcepts in time(relatedTo)
r7	subTopicOf
r884	is a period of
r1179	isTexas A&M System(relatedTo)
r1670	matrix examples(relatedTo)
r1202	is the primary field of
r426	is the information from
r2644	demonstrates
r985	was a step toward
r778	computational optimization techniques(relatedTo)
r237	is behavior at
r374	signalling
r1966	enters
r473	generates directly
r2533	is a combined electrical and data specification for
r1653	composite types(relatedTo)
r1866	is both the fourth-most common cause of
r958	is a clearnet search engine for
r142	to conform
r738	is an informal group or band of
r1792	is the transport of
r635	is part of
r1270	isSoftware packages(relatedTo)
r1362	 description(relatedTo)
r1734	is the language of
r1896	in alternative number systems(relatedTo)
r77	testing methods(relatedTo)
r1437	is a technique for
r1569	is a software implementation of
r542	 for multi-user mimo systems(relatedTo)
r1789	is a customised version of
r627	manages
r1510	is an audio and video rtp/rtsp server by
r895	is a fictional character in
r2053	was a strong influence on
r1379	are other major challenges in
r853	was an air-launched multi-stage launch vehicle under
r1112	is a classification of
r1926	is a visual block diagram language for
r2088	to assist
r1503	to improve
r2047	related design fields(relatedTo)
r1115	is series of
r1339	is the emission or transmission of
r1174	design limitations(relatedTo)
r1480	is the logical name for
r2609	[is] japanese maker [of]
r1450	is the dominant character encoding for
r1970	combine
r151	guarantees
r1981	is the ethyl derivative of
r449	is the ease of
r115	derived types(relatedTo)
r871	isTrial/test types(relatedTo)
r1170	is a relatively new field of
r1334	designing for(relatedTo)
r2270	computer-aided diagnosis topics(relatedTo)
r994	is a very common form of
r2478	delivers
r25	isPrincipal concepts(relatedTo)
r1610	may purchase
r581	was spun
r2002	measured
r943	is a technique in
r2045	is a terminal emulator for
r1393	would characterize
r1124	include
r1113	is a conjecture in
r2161	is a public domain software system for
r1190	has been successfully deployed
r1038	operating
r2437	is a free software application for
r1100	useful concepts(relatedTo)
r804	is the brand name for
r2392	is a video messaging service by
r1571	does not contain
r1295	measures
r961	isCommon algorithms(relatedTo)
r1911	is the dialect of
r568	is one class in
r328	is a rigid container with
r2517	experiences
r125	basic examples(relatedTo)
r2535	is written purely
r403	living systems theories(relatedTo)
r2610	is a british term for
r2607	to preserve
r2495	specific techniques(relatedTo)
r745	constrains
r2377	was featured
r644	is a scheme in
r1269	must be known
r1697	is the leader of
r1349	is a commercial outlining software for
r1133	information theory and signal processing(relatedTo)
r1625	is an active area of
r819	is the form factor for
r1128	design and implementation(relatedTo)
r2233	is a key component of
r682	has encountered
r2141	is an open-source implementation of
r1899	is a window manager for
r2476	is the term infrastructure in
r2124	connection to group theory(relatedTo)
r887	is a motherboard socket for
r1870	is a mathematical model for
r119	partial list of the major  topics(relatedTo)
r2518	is the artificial application of
r122	isCivil applications(relatedTo)
r1402	attached
r1095	is a choice of
r589	is the division of
r29	isSubfields(relatedTo)
r279	pointing
r1559	discrete-time systems(relatedTo)
r2171	standing
r1535	logical ing methods and argumentation(relatedTo)
r2466	turned over
r2009	cause
r1742	is a software development application for
r1031	to to manage
r1721	to correct near
r1651	is a manufacturer of
r82	is a subset of
r2449	is a basic interpreter for
r1948	is a model for
r1530	to ease
r2528	shipping
r1874	divisions(relatedTo)
r1099	is a line of
r608	systems at risk(relatedTo)
r1444	results
r2587	is a professional video and audio production suite for
r1272	was a clean room implementation of
r1536	is a platform as
r1434	is a technique of
r2575	is the most common format in
r1197	can not be compared directly
r1657	is the capability of
r1442	returning
r2443	is a computer program for
r2613	capturing
r2574	to affect
r207	can be
r216	measures of resource usage(relatedTo)
r322	is Concepts(relatedTo)
r550	controlled
r1635	has praised
r1330	would create
r2123	is an interpreted language with
r2307	copies
r222	properties for characterization(relatedTo)
r2262	polymorphism and types(relatedTo)
r566	isChaos systems(relatedTo)
r1872	employs
r486	isTensor definitions(relatedTo)
r1250	is a further subdiscipline of
r30	called
r792	is the practice of
r2353	is a coordinate system for
r1996	included
r87	concept(relatedTo)
r1440	dynamical systems(relatedTo)
r640	isMethodologies(relatedTo)
r561	is a program for
r841	isAssociate members (field hockey)(relatedTo)
r383	prominent research successes(relatedTo)
r982	the algorithm(relatedTo)
r289	becomes
r2252	is a wiki website about
r1892	is an important determinant of
r705	is a single , usually cylindrical , flexible strand or rod of
r161	isTypes of dictionaries(relatedTo)
r1073	includes
r488	to create
r33	is a non-standard dialect of
r1599	skills and techniques(relatedTo)
r224	was
r234	coding theory(relatedTo)
r1307	was a version of
r2143	is an experimental type of
r291	may have overmantel
r701	driven
r523	unix and unix-like s(relatedTo)
r127	[is] next server [of]
r860	is the online version of
r1051	examples of asp programs(relatedTo)
r756	is 30 story points per
r344	isConcepts in contention(relatedTo)
r1084	applications of the principle(relatedTo)
r534	retracted
r226	isTrading theories and strategies(relatedTo)
r1551	practical applications of(relatedTo)
r685	is an aggregated measure of
r208	is an oxidized form of
r1087	to encode
r2247	lti system(relatedTo)
r217	is Components(relatedTo)
r826	to cause
r1368	is an arranged engagement in
r1758	to use
r651	is just one kind of
r744	is located
r1900	theories formally and scientifically(relatedTo)
r1819	is a proprietary freeware privacy-related browser extension for
r2383	is the allocation of
r712	isSpread spectrum Methods(relatedTo)
r252	research methods(relatedTo)
r2197	was the second drug of
r1694	other proof systems(relatedTo)
r1560	was the cornerstone of
r323	occurs
r232	is developed
r509	is the native package manager for
r2521	research and implementation proposals(relatedTo)
r495	is Software(relatedTo)
r1059	are examples of
r2253	is an open source web framework for
r2500	receives
r1041	is the dominant approach in
r352	models in systems architecture(relatedTo)
r1274	defined
r2113	is a game of
r1897	is the field of
r436	isDuplexing methods(relatedTo)
r2221	organized
r464	analytic approaches(relatedTo)
r329	modern methods(relatedTo)
r1046	is a utility in
r879	is the standard window manager in
r2309	defines
r1173	typical tasks(relatedTo)
r2599	is a unicode text editor for
r668	is a microprocessor bus-architecture from
r501	is the difference between
r643	is an improved version of
r2188	is a relationship between
r2109	are floating-point operations per
r1048	isAA Divisions(relatedTo)
r787	is an open source content repository for
r1476	is programmed
r1645	is a free and commonly used software package for
r106	isRelated concepts(relatedTo)
r1195	may be solved
r922	to reduce
r2157	is a different application from
r2448	[is] the interpreter for
r1408	surrounding
r2591	will display
r2130	is a theoretical design for
r2379	specific theories(relatedTo)
r2452	[is] the character [of]
r2007	is a research program by
r399	series definitions(relatedTo)
r461	types of pattern(relatedTo)
r339	isDesign(relatedTo)
r2318	is the mathematical study of
r2316	was a popular application framework for
r3	system(relatedTo)
r1346	was the smallest unit of
r2615	is a 64-bit system on
r1496	was part of
r2102	is the converse of
r1716	is a connectionless protocol for
r388	is a free basic compiler for
r2492	is the lyapunov exponent or lyapunov characteristic exponent of
r555	produced
r1411	can live
r2025	basic definitions(relatedTo)
r1888	produces
r141	is the use of
r1428	is a patch for
r2586	was a product from
r647	runs
r1875	combines
r1969	was a browser extension toolbar for
r1207	affects differently
r84	isSoftware(relatedTo)
r2446	is combinational logic with
r45	univariate polynomials with coefficients in a field(relatedTo)
r1261	software that implements the(relatedTo)
r2645	architecture design methods(relatedTo)
r2341	is the scientific study of
r2090	is a matrix decomposition of
r2412	data structure diagram(relatedTo)
r962	measures of(relatedTo)
r1210	seeks
r1254	theory of(relatedTo)
r2020	the concept of class interface(relatedTo)
r418	isventricular system:(relatedTo)
r740	takes
r1140	scores
r2297	is the quantity of
r2211	is a word or section of
r1613	can give
r863	is the probability distribution of
r1885	is a personal finance management software program by
r2442	was a further development by
r1293	to sink
r1058	hitting
r1780	generates
r1901	is a free file system for
r576	is a formal language in
r406	system/370 and virtual memory operating systems(relatedTo)
r1773	is the medical application of
r1582	is corrosion-resistant tin plating of
r1811	system on a chip(relatedTo)
r2380	utlilizes
r2546	[is] the blind mistress of
r412	is the application of
r1080	is a particular kind of
r654	is a linux distribution for
r81	basic concepts(relatedTo)
r802	is a formal representation of
r1383	generated
r57	was founded
r1082	is a complete ipsec implementation for
r1483	[is] former name of
r2038	is a power management technique in
r1205	software-based - "soft"(relatedTo)
r2592	crossing
r1852	result
r1798	is an add-in for
r1707	isQuantum field theory in curved spacetime(relatedTo)
r692	is a way of
r687	is a software framework for
r1022	is a quantitative attribute of
r2612	is the most popular blogging system in
r2428	is studied more abstractly
r2328	misconceptions(relatedTo)
r1000	is an 8-bit microprocessor from
r2493	is an open source backup utility for
r1951	is a software development platform from
r2371	linear s(relatedTo)
r1063	is a paradox in
r1935	subfields(relatedTo)
r2489	is a term in
r1954	is a centralised cryptocurrency tumbler for
r618	weighted
r1462	are commonly used
r1920	does require
r1784	is the improper usage or treatment of
r732	was a freeware defragmentation program for
r1045	is a word processor for
r629	may also be called
r2127	is a php based function graph plotter for
r1101	is a phenomenon in
r1189	feel
r1092	is a function of
r61	is Types(relatedTo)
r350	isDisplay techniques(relatedTo)
r1373	is a unit of
r2469	files uncompressed
r689	is a ftp client for
r1490	is an open source project hosting website by
r867	was a , subcritical mass of
r168	designSpecsFor
r445	isApplied fields(relatedTo)
r2571	supporting
r2094	accesses directly
r2169	directed
r645	is an lgbt online encyclopaedia for
r1253	isQuantum complexity theory(relatedTo)
r1509	is open source software for
r1857	to be phased out
r97	is a standard for
r1249	is an xml data binding compiler for
r39	commonly sees
r901	types of transfer functions(relatedTo)
r2101	is the smallest grammatical unit in
r1266	went
r239	isApproaches(relatedTo)
r380	is the braille alphabet of
r794	is the body of
r1912	solving a linear system(relatedTo)
r812	isSoftware libraries and frameworks(relatedTo)
r2248	is the degradation of
r179	isFields(relatedTo)
r2153	is jargon for
r971	to support
r2617	was the codename of
r567	speaking
r163	isClassification systems(relatedTo)
r746	is a free and open source terminal emulator for
r2532	is the view that
r2216	important theories and models[8](relatedTo)
r642	is the lossy compression of
r677	mass usage for problem solving(relatedTo)
r1997	special types of s(relatedTo)
r1808	complementing
r274	reinforces
r285	is a debian-based linux operating system in
r675	was the core in
r1689	is a social network aggregation
r1684	is a key test of
r658	is a circular movement of
r1663	is a free version of
r752	esem: topics(relatedTo)
r865	applications of visualization(relatedTo)
r1907	is the foundation of
r649	isProbability theory(relatedTo)
r1659	examples of non-film entertainment(relatedTo)
r1925	was a client for
r2413	is a specific form of
r1090	isDigital properties(relatedTo)
r830	[is] the 11th letter of
r23	is a graphical desktop environment for
r253	isKey concepts(relatedTo)
r131	locked
r1374	is a brand of
r623	isTopics:(relatedTo)
r549	assisted
r1332	is a shareware disk space analyzer for
r2242	current research(relatedTo)
r2178	open methods(relatedTo)
r318	isGeneral terms and concepts(relatedTo)
r2543	is a large downpour of
r2485	are assemblers for
r1287	concepts and principles(relatedTo)
r2450	was a kit of
r2370	is the mental state of
r1908	is youth engagement in
r556	isImage types(relatedTo)
r1217	is server software for
r1851	is a consequence of
r2402	is the least squares estimator of
r1989	isUniversity of Houston System(relatedTo)
r2556	is the set of
r41	applicationOf
r669	key concepts(relatedTo)
r2629	is an edition of
r1098	is a common form of
r1914	is an estimation of
r2300	is an illusion of
r1990	is a free software pdf reader for
r1438	is the energy of
r2223	coordinate systems(relatedTo)
r1150	has spent
r864	is a catalan solid , dual of
r2320	is the transfer of
r559	was a general broad field of
r2636	[is] japanese company [of]
r2056	is a specializing just-in-time compiler for
r1983	is the inspection or examination of
r1034	game types(relatedTo)
r401	based
r1015	isCountermeasures(relatedTo)
r1937	is evolutionarily
r104	analytical methods to solve pdes(relatedTo)
r393	isConservation and Restoration Techniques(relatedTo)
r753	data granularity in profiler types(relatedTo)
r1695	is a neologism for
r773	is the itu standard for
r1006	real-world examples(relatedTo)
r1993	is a phenomenon of
r721	is the altered state of
r497	is the imprisonment or confinement of
r2239	numerical treatment of dae and applications(relatedTo)
r2083	to participate
r873	is a small java library for
r1200	is mentioned
r1617	requests
r249	isGeneral topics(relatedTo)
r386	sequence algorithms(relatedTo)
r2006	is the unit of
r260	next-generation methods(relatedTo)
r1347	manifest independently is not
r423	isTasks(relatedTo)
r2622	is also implemented
r2026	equivalent definitions(relatedTo)
r553	is the provision of
r255	is a paper with
r1338	as being
r1206	is a sudden sensation of
r1320	was an interpreter for
r2394	to offer
r2439	is a combination property of
r1976	[is] alleged owner [of]
r1286	is a free download manager for
r1823	nonlinear systems(relatedTo)
r801	theoretical foundations(relatedTo)
r1298	is the top layer of
r526	is a generalization of
r361	gradually changes
r2264	formal systems: completeness, consistency, and effective axiomatization(relatedTo)
r2191	major research centres(relatedTo)
r546	emulating
r2510	is a mature basic implementation for
r1804	can cause
r2410	special topics in(relatedTo)
r2325	is an open source cloud platform as
r1968	contained
r2181	bracketing methods(relatedTo)
r1352	is the lightest element on
r1601	is a free bittorrent client for
r564	displays
r2635	is a humanoid representation of
r2105	is the re-usable form of
r2527	is mips ( million instructions per
r2367	explicit construction of s(relatedTo)
r2468	licensed
r2427	is a system for
r1771	is a statistical add-in for
r1506	is a free opengl-based library for
r1348	basic methods(relatedTo)
r1388	[is] founder [of]
r2215	is an object rational mapping persistence framework for
r1787	[is] american company [of]
r2029	is a fast-growing form of
r22	is a concept in
r2210	is a condition of
r1532	is the floral emblem of
r369	engages
r630	is a gpl-licensed terminal emulator for
r381	is a method of
r1074	is the name for
r372	explores
r2068	is the "expectation of
r2163	is a graph of
r2098	ergodic systems(relatedTo)
r2419	is a specification of
r1144	is the role of
r2401	is a fundamental tool in
r2273	is a storage room for
r1154	engaged
r2277	is a wcm with
r793	takes technically
r2628	is an app store for
r665	is a combination of
r900	is a core foundation style api in
r2346	written primarily
r63	is Photovoltaics & related topics(relatedTo)
r358	vendors supporting(relatedTo)
r2147	is an optical disc authoring and media conversion software application for
r1036	is the code name of
r471	models in information system design(relatedTo)
r2011	is }
r852	creates
r2057	is x
r210	stated examples(relatedTo)
r965	is a cloud computing platform by
r34	techniques and applications(relatedTo)
r783	image types(relatedTo)
r117	algorithms(relatedTo)
r1481	created
r354	conceptual problems(relatedTo)
r1403	examples of applications(relatedTo)
r1325	is a glass with
r264	offers
r2137	is the 24th most abundant element in
r1736	is a software library for
r875	design goals(relatedTo)
r297	connectives of type theory(relatedTo)
r293	foundationOf
r2407	is a discontinued developer tool application for
r2165	is an interactive , object-oriented model of
r468	is the game tree of
r236	is the result of
r1423	not being
r1178	is a nascent form of
r2351	is a popular choice of
r44	isTheories and concepts(relatedTo)
r1037	 in other fields of philosophy(relatedTo)
r2017	is the american term for
r1056	impact of s(relatedTo)
r498	as having
r395	is a simplified form of
r199	is a field of
r2034	is a color vt100
r154	statistical(relatedTo)
r825	is a particular type of
r1642	obtains
r547	mediated
r2199	[is] retailer [of]
r263	is the second most popular enterprise search engine after
r2573	is the ninth and final major release of
r1603	methods of lift(relatedTo)
r1821	is a tool in
r156	countermeasures(relatedTo)
r655	can also be
r2152	is a flexible , adaptable and informal form of
r2590	is an outline of
r1260	is challenging
r1781	compatibles
r1714	introduces
r1245	is a visual database applications creator tool by
r2523	digging
r1556	is a " system of
r1862	to receive
r1465	specifications
r1839	is a series of
r858	register
r674	is the first incarnation of
r1648	design and structure(relatedTo)
r2541	is an integrated development environment ( ide ) for
r101	is a special type of
r302	was a heavily modified variant of
r1009	is a web-based calendar service from
r1455	problem analysis(relatedTo)
r1698	is a journaled file system for
r1094	introduced
r1786	is digital representation for
r1268	testing
r2330	was the phylogenetic software of
r1796	to carry
r1597	 in particular fields of study(relatedTo)
r129	is not
r1760	is a linear pattern of
r2276	storage, the base of a  system(relatedTo)
r967	is Theory(relatedTo)
r2173	proof sketch for the first theorem(relatedTo)
r1693	nomenclature and examples of bacterial and archaeal chaperones(relatedTo)
r2477	are the two most common transmission technologies in
r610	called simply
r128	has
r1557	 algorithms(relatedTo)
r2520	voiding
r1737	is a minimalist text editor for
r1039	resembling
r1482	founded
r869	is the complete set of
r1577	to to improve
r1632	has been placed
r1091	is a free , open-source , cross-platform ftp client for
r891	is a uml ( unified modeling language ) software modeling tool from
r333	research clusters(relatedTo)
r945	is a probability distribution of
r500	processes
r628	is a complete plan of
r2082	cools
r974	is extensively used
r2361	is a tool from
r2232	is an object-oriented programming language extension for
r2064	is an academic journal indexing service for
r2260	notable theories on the structure of s(relatedTo)
r2244	was never actually used
r1218	will not support
r2008	advanced methods and de novo sequencing(relatedTo)
r2440	is an open source java virtual machine for
r242	theories(relatedTo)
r338	basic properties(relatedTo)
r603	generational archetypes and turnings(relatedTo)
r671	can generate
r809	topics in(relatedTo)
r205	named
r2296	is a lack of
r813	implies
r108	research(relatedTo)
r622	is typically
r1452	is the most accurate model of
r368	is the indirect expression of
r1636	conversion to and from other numeral systems(relatedTo)
r94	released
r748	is a component of
r437	is defined
r1008	was an organized effort by
r2424	is a national festival celebrated in
r844	captioning
r1905	showing
r777	examples of external computer buses(relatedTo)
r944	is a free , open source wiki
r963	concepts(relatedTo)
r2028	historic s(relatedTo)
r1076	is â€¦
r1263	is a definition in
r231	isSpecialties and areas of practice(relatedTo)
r733	is a standard practice for
r1797	is the microsoft basic implementation of
r660	being the accuracy of
r2259	is an online general purpose encyclopedia in
r62	isFurther topics(relatedTo)
r1860	is a discontinued project portfolio management application from
r52	predicate transformers properties(relatedTo)
r196	designers(relatedTo)
r885	generalized
r1943	is a discipline of
r1380	was officially launched
r2614	is a 32-bit package on
r1754	improves
r1289	is a recent initiative in
r530	can conduct faster
r2046	are special cases of
r2494	is a stable solid , rich in
r166	isHuman subject research(relatedTo)
r2189	are hypothetical examples of
r2616	is a variety of
r1818	given
r1505	is an impairment in
r2568	is a blue coloured , semi-transparent bag for
r834	computer protection (countermeasures)(relatedTo)
r484	consists
r933	isProperties of series(relatedTo)
r2255	is a software with
r1581	is a free and open source operating system for
r1963	would be
r1390	spelling check and applications(relatedTo)
r1528	related techniques(relatedTo)
r2217	is a new downtown neighbourhood in
r1552	design types and sub-types(relatedTo)
r2323	is the art and science of
r2072	are two distinct strains of
r908	is transported
r2333	is a free download from
r832	more specific types(relatedTo)
r1204	theories of decipherment(relatedTo)
r2096	is a partitioning of
r2060	is a hypothetical kind of
r1342	types of parallelism(relatedTo)
r508	performance and correctness measures(relatedTo)
r1730	decisions
r1964	can use
r177	was the vector cousin of
r50	isMAC algorithms(relatedTo)
r541	 for point-to-point mimo systems(relatedTo)
r2429	never became
r1887	holds
r1106	is a weblog editor for
r842	isInference methods(relatedTo)
r1588	is a release of
r1381	sign up
r1531	is the common name of
r2092	is a domain specific programming language for
r1856	colloquially quitting
r1299	is a protocol on
r446	major areas of inquiry(relatedTo)
r1722	is a stream of
r2423	is formed
r650	gained
r1923	is an open source unit test framework for
r1533	3's
r2135	is the browser that
r1777	is the ability for
r1183	is a short , relatively shallow and coarse-bedded length of
r1103	is the first in
r1526	is an english-like fourth-generation programming language from
r548	supported
r690	is an elementary part of
r784	is the science of
r1957	was the first in
r233	source theory(relatedTo)
r431	recursive data structures (structural recursion)(relatedTo)
r349	isProvinces and fields(relatedTo)
r363	is an outdated free/open source replacement of
r727	isMain fields(relatedTo)
r1520	links
r1985	was an ancestor of
r1655	is the control of
r754	description of the theory(relatedTo)
r1382	is an indian job portal operating in
r1392	is a general protocol for
r2155	studying
r347	is a script language from
r696	software for plan 9(relatedTo)
r639	isTransgenerational design(relatedTo)
r390	is an open source asynchronous messaging project from
r340	components(relatedTo)
r2508	is the general appearance of
r1576	[is] server [of]
r124	authoring
r2294	is an exact form of
r607	research literature(relatedTo)
r1463	by using
r1487	is a collection of
r2133	is the heaviest primordial element by
r1567	is done
r2475	facilitates
r176	is the consumption of
r883	does not require
r20	is a type of
r1470	follows
r535	was described
r157	isComponents(relatedTo)
r713	is a lightweight text editor by
r2236	is a wireless network discovery tool for
r823	is a certain kind of
r1627	is a key element in
r421	applied research(relatedTo)
r1256	is an open operating system from
r702	isFile systems(relatedTo)
r1494	related
r316	isKey Concepts & Ideas(relatedTo)
r1384	is a platform or marketplace for
r862	isCentral nervous system(relatedTo)
r1435	is the part of
r2192	is the proportion of
r1028	is an algorithm for
r1479	[is] the standard interpreter [of]
r815	interviewing
r893	is lack of
r2245	required
r1019	is the development and use of
r1370	is a dvd ripper for
r1831	is a registered trademark of
r1445	employee_id
r909	is also stored
r173	is an application for
r868	study systems(relatedTo)
r620	complexity of the problem(relatedTo)
r2637	is that is
r351	categories and definitions(relatedTo)
r1071	is a two-player turn-based strategy game for
r1424	were the predecessor of
r772	historical design context(relatedTo)
r569	means
r517	is an interpreter for
r2608	is a system monitor for
r1508	printing
r1958	is the past tense of
r2087	to generate
r636	requires
r2220	owned
r2246	is a suite of
r447	recent and emerging applications(relatedTo)
r240	[is] co-founder [of]
r1410	lives
r452	to communicate
r378	is a kind of
r926	is adobeâ€™s "productized " version and ecosystem on
r1859	is a vnc client by
r197	evaluation methods(relatedTo)
r221	isEquilibrium concepts(relatedTo)
r1111	motivate
r2507	systems of(relatedTo)
r595	isUndesignated(relatedTo)
r113	is a new york city-based restaurant reservation service for
r728	is a bitmap paint program for
r558	theories of odes(relatedTo)
r2499	is a content analysis and text mining add-on module of
r2515	accuracy problems(relatedTo)
r330	is a form of
r1083	isAreas of research(relatedTo)
r881	various properties(relatedTo)
r2172	will run
r10	isRelated topics(relatedTo)
r2384	is a web storage application from
r2301	is a shallow body of
r2110	was a 1980s-era word processor for
r849	formally designated
r2441	is scalable
r525	is merely recorded
r1042	is a large group of
r1301	is free hardware under
r984	is a build and integration project for
r1216	is the idea that
r2390	added
r2582	is an open source x window system front-end for
r782	rules for the viable system(relatedTo)
r172	is written
r768	play
r2168	propelled
r200	was an older name for
r742	is the type of
r1612	carries anyway
r633	is a text layout and glyph rendering api by
r916	is a wireless speaker and voice command device from
r1898	rendering
r532	different systems(relatedTo)
r230	isQuantum algorithms(relatedTo)
r678	issues in  theory(relatedTo)
r2164	engendering macroeconomic theories(relatedTo)
r1258	to launch
r776	examples of internal computer buses(relatedTo)
r1314	[is] a type of
r2564	is anatomically
r2487	is a design technique in
r2455	is an equilibrium concept in
r638	does not guarantee
r1136	is typically typically
r2634	does not gain
r360	isSurvey methodology(relatedTo)
r681	distance-matrix methods(relatedTo)
r114	to execute
r837	is this type of
r931	would even emulate
r763	is an important tool in
r2238	does not provide
r1020	is a dictionary of
r1044	value theory(relatedTo)
r2481	is a popular bulletin board system software for
r1877	obviates
r2269	may be represented
r937	is the multi-disciplinary and often complex process that
r505	numerical algorithms(relatedTo)
r2620	is a cataloguing application for
r1849	in deleting
r1547	algorithm(relatedTo)
r614	research fields(relatedTo)
r1894	is another name for
r1812	is a letter of
r315	is an interpreted version of
r734	calculation methods(relatedTo)
r1735	does not necessarily involve
r1712	is a light-weight , community-based linux distribution suitable for
r1807	has been written
r1803	biomedical research(relatedTo)
r1121	is a printed and online dictionary of
r695	is a freeware tool in
r1227	types of recursion(relatedTo)
r929	became
r2275	log
r1661	is an open source hosting control panel for
r1343	major topics(relatedTo)
r1775	titled
r80	is the third release of
r2237	formalization of the problem(relatedTo)
r1167	is the frequent electronic copying data from
r2363	is the brand for
r1194	isProblems(relatedTo)
r697	areas(relatedTo)
r2512	is a non-destructive image editor for
r755	is an important concept in
r2531	is the current version of
r2194	is the initial versions of
r774	referred
r816	is the natural process of
r2170	organizing
r2024	string rewriting systems in group theory(relatedTo)
r1618	is approved
r1676	major subfields(relatedTo)
r2555	are the latest additions of
r2051	types and operating principles(relatedTo)
r659	deductive systems(relatedTo)
r2501	are also
r591	properties and handling(relatedTo)
r1580	use
r843	is a significant cause of
r1886	is a gas at
r1813	possible future applications(relatedTo)
r1696	is an important estimator of
r698	isMozilla Research(relatedTo)
r1788	is an open-source software platform for
r948	was the first type of
r1372	is the oldest and largest conference in
r1447	designed
r1748	is the creation of
r807	grammar check and applications(relatedTo)
r472	was written
r1220	is a range of
r1965	resolves
r137	[is] satellite [of]
r1359	crawling
r596	main theorems(relatedTo)
r1214	isSystem concepts(relatedTo)
r1297	is a standard way that
r2511	is another example of
r2463	is the dual polyhedron of
r2049	pronounced
r513	is a computer software for
r1761	is an update for
r2067	seen
r1871	is the longest amount of
r1161	seek
r76	is the name of
r2128	was the brand name of
r1155	practice
r934	satisfies
r326	isEnvironmental design(relatedTo)
r1619	isAlgebraic examples(relatedTo)
r1209	is a commercial web service from
r1844	examples in different fields(relatedTo)
r74	is a planned manned spaceflight of
r2095	can understand complete
r1030	isIterated function system(relatedTo)
r1516	is a required piece of
r2349	to splinter
r194	testing types(relatedTo)
r24	isConservation areas(relatedTo)
r2504	scrambled
r2208	is an online social network for
r2182	is the social model of
r611	data types(relatedTo)
r70	mathematical properties of s(relatedTo)
r1229	is a free and open-source graphical front-end for
r878	software engineering properties(relatedTo)
r1763	[is] international manufacturer [of]
r1608	is a redistribution of
r715	was released
r1122	is a genus of
r2160	is a theorem of
r134	retaining
r818	 modeling software(relatedTo)
r1587	was a graphic software program for
r1762	foundations(relatedTo)
r1184	valued
r2578	is the second most frequent cause of
r276	isProperties(relatedTo)
r886	is a subfield of
r1585	software effects(relatedTo)
r1795	is a result of
r1725	is the same as in
r1751	optimization algorithms without guarantees(relatedTo)
r256	isSub-fields(relatedTo)
r309	is an archive file of
r9	isMethods(relatedTo)
r1988	types of functionalism(relatedTo)
r1961	is a trademark of
r1404	is a view of
r1109	to include
r761	is an act of
r2348	got
r1704	identifies
r1003	is Applications(relatedTo)
r2205	is a technical field of
r434	is a scalable , acid and mvcc compliant distribution of
r2433	succeeded
r2267	software and tools(relatedTo)
r1932	may play
r624	is a binary relation on
r1705	is a compact open source software speech synthesizer for
r118	properties(relatedTo)
r1477	is an open-source content management system from
r303	abbreviated
r282	isKey terminology(relatedTo)
r1267	legal system(relatedTo)
r1731	[is] the mathematical model of
r470	types of s(relatedTo)
r584	is the central module of
r1940	is a relatively inexpensive type of
r515	could evolve
r1537	is a catchall term for
r529	is a vehement prohibition of
r1826	is a concept for
r899	was a "light " version of
r1212	is a subcategory of
r2166	[is] the replacement for
r2534	is the current version in
r1922	isKey components(relatedTo)
r552	is speech recognition software for
r482	extended
r220	is a query that
r1309	proof of theorem 1(relatedTo)
r467	was a rival of
r36	algorithmFor
r67	classification(relatedTo)
r920	is the ldap directory service model implementation from
r846	exploit
r1507	was an open source internet relay chat
r2048	[is] high-speed professional model [of]
r1615	to read
r1845	is a meromorphic function on
r244	were paul dean of
r258	regression techniques(relatedTo)
r2052	is a brain teaser game for
r1244	is the basic unit of
r2381	is primarily effective
r2311	are theorems of
r2445	[is] subsidiary [of]
r1512	examples and portability issues(relatedTo)
r89	was solely
r1861	is the color of
r272	is an interaction in
r489	is a dialect of
r693	characteristic properties(relatedTo)
r2506	is the selective filtering of
r691	[is] browser [of]
r75	specific types of s(relatedTo)
r2184	[is] cipher [of]
r1702	is the original release in
r1605	codenamed
r1149	actively seeking
r1720	is a derivative of
r1549	is edema ( accumulation of
r1192	is the rapid oxidation of
r2411	is a microcontroller-based version of
r563	is an email app by
r2018	is a container with
r271	is a clean room design of
r981	areas of research(relatedTo)
r48	refract
r1683	is the cloudiness or haziness of
r448	was introduced
r138	equals
r1439	early dynamical systems(relatedTo)
r308	isBackground and terminology(relatedTo)
r2271	is fundamentally a disease of
r2030	is an active approach in
r2426	is a small portion of
r476	is an implementation of
r791	analysis/inspection techniques(relatedTo)
r2605	human biological systems(relatedTo)
r657	isWeb properties(relatedTo)
r520	is a messaging and collaboration platform from
r2505	is a cartesian product as
r1563	emulates
r2274	is the second largest trade union in
r1971	isTexas Tech System(relatedTo)
r93	types(relatedTo)
r335	isSystems(relatedTo)
r355	was a five-cylinder air-cooled radial engine for
r785	is a theoretical unit of
r820	is at least as powerful as
r1331	is composed wholly
r215	mathematics used in s(relatedTo)
r1593	also signed
r1013	is a simple form of
r2206	is the formal dimer of
r1453	is included
r1767	follows at least asymptotically
r430	examples of s(relatedTo)
r894	switches
r625	system theory(relatedTo)
r2043	after routing
r1757	is a software application for
r79	is released
r259	analytical techniques(relatedTo)
r286	isInterdisciplinary fields(relatedTo)
r587	is said
r1486	is much more popular for
r2638	is the codename of
r2539	switched
r1756	is the property of
r1703	is a stall warning device whereas
r2131	is a subdiscipline of
r833	is an efficient , in-place variant of
r1023	established
r206	stored
r959	is a small dna molecule within
r90	more examples of(relatedTo)
r334	undergoing
r2190	combinatorial properties of the rsk correspondence(relatedTo)
r1637	examples of physical attacks to obtain information(relatedTo)
r213	optimization problems(relatedTo)
r2108	is nearly a superset of
r708	to maintenance
r2080	stores
r972	isMedical classification(relatedTo)
r2321	isScientists(relatedTo)
r1134	is the ability of
r1868	is Software engineers(relatedTo)
r310	is an open source integrated development environment for
r2623	is the inside bank of
r1129	is the area of
r2561	was a central premise of
r2356	types of esi(relatedTo)
r1005	is the third generation of
r1572	is the most commonly used icon for
r42	used
r582	typical areas of study(relatedTo)
r269	 topics(relatedTo)
r930	may not carry
r1414	is a music production suite by
r2149	is a popular php front-end for
r1631	is the abasement of
r1137	was consumer [of]
r2099	is an overflow of
r2359	is the underlying hardware or software for
r1323	language design(relatedTo)
r2069	is a subspecialty of
r680	experimental techniques for studying(relatedTo)
r317	are system/360 through
r1975	[is] maker [of]
r444	is an estimate of
r1324	disease-related research(relatedTo)
r1385	is an employment website in
r1180	powered
r2577	is a diagram of
r1366	is a restriction of
r1282	is a contactless rfid smart card system from
r2065	is the multitasking version of
r2299	is the main storage framework for
r906	foundations of modern(relatedTo)
r1628	is a specialty of
r1710	is a theorem in
r1998	is a molecule of
r2509	used mainly
r1876	dictates
r2144	widely used
r2295	is a freeware programming language for
r1456	penetrating
r2409	is the bioinformatics platform of
r1621	is a handle in
r135	is the international standard symbol for
r2362	[is] primary front end [of]
r2447	was rewritten
r1075	is an open source email security system for
r1142	deductive systems for propositional logic(relatedTo)
r1830	[is] vendor [of]
r2332	is the latin word for
r1946	was a file synchronization service from
r1893	is an analog of
r2360	classical(relatedTo)
r2289	is "property consisting of
r711	software architecture(relatedTo)
r49	isAcademic fields(relatedTo)
r586	is a version of
r2243	to measure
r2633	gaining
r518	fields of(relatedTo)
r1485	was assembled
r859	isDesign issues(relatedTo)
r1522	to replace
r2483	[is] local machine [of]
r1562	have gained
r514	research areas(relatedTo)
r281	uses
r2540	was an extended dialect of
r1629	is a personal computer in
r2132	are the most abundant actinides on
r1992	isCryptographic file systems(relatedTo)
r2491	is a mathematically formalized combination of
r2400	is the shape and size of
r1010	related fields(relatedTo)
r2107	is a collective term for
r2600	controlling
r718	is Scheduling algorithms(relatedTo)
r1541	is an android smartphone by
r120	supports
r750	is a defunct music scorewriter for
r1484	discontinued software platforms(relatedTo)
r2472	can execute
r1626	is a freemium entry-level video editing app ( in
r405	isAlgorithms(relatedTo)
r382	animal bci research(relatedTo)
r2389	references
r2619	invented
r877	is an axiomatic definition of
r2632	is the positive square root of
r601	sorting
r796	definitions of(relatedTo)
r389	isLess common algorithms(relatedTo)
r451	is a further refinement of
r2229	is the medium of
r2078	is 18 years of
r487	hosting
r1667	is the only known cause of
r2474	[is] compiler [of]
r2462	is the second-leading cause of
r2416	is more generally
r2339	was the study of
r2154	to conduct
r54	study of s(relatedTo)
r861	is the death of
r1590	is the length of
r325	isMeasurement systems(relatedTo)
r817	hardware examples(relatedTo)
r1417	was the introduction of
r92	study and research(relatedTo)
r1316	is a wholly-owned subsidiary of
r1	isTerminology(relatedTo)
r2585	does â€“
r1497	other concepts(relatedTo)
r502	is the exploration outside
r799	is an integral part of
r60	methods(relatedTo)
r947	is the act of
r2562	is a technology package from
r1159	to increase over
r797	is the nickname of
r955	left
r6	exampleOf
r1810	officially registered
r1233	is an international education network for
r1302	is a source of
r307	was a second generation vector graphics creation software program for
r1649	display designs(relatedTo)
r913	needs
r211	is an algebraic structure " a" with
r1185	is a gui test automation framework for
r1292	primarily uses
r1847	is a mac os version of
r786	is a place of
r2519	works similarly
r2278	is a logical data model of
r1143	is the information and communication technology ( ict) that
r267	is Algorithms(relatedTo)
r2085	to circulate
r1890	is the code name for
r1203	is the most widely publicized component of
r1446	was written entirely
r811	is an umbrella term of
r1768	hacking
r764	is an online encyclopedia for
r1523	is an abbreviation of
r337	to using
r1147	to voluntarily sacrifice
r847	isTheories of time(relatedTo)
r2490	is a division of
r1604	new applications(relatedTo)
r1057	encounters
r2382	was a word processor for
r1855	is an expression in
r888	is a free , raster graphics editor by
r170	is a chemical element with
r1843	further topics(relatedTo)
r729	isAnalysis techniques(relatedTo)
r1933	is a compressed data structure for
r68	was conceived
r631	systematic trading(relatedTo)
r319	plays
r2032	is an optical disc authoring software application for
r1230	is an internet browser toolbar for
r2576	is the major competitor of
r2138	machine learning techniques(relatedTo)
r1578	isGeneral concepts(relatedTo)
r187	describes
r1837	is the rate of
r2569	is a rule of
r1545	is a multiple of
r2647	is a bioinformatics software system for
r803	must satisfy
r438	isGreek system and societies(relatedTo)
r1070	german systems(relatedTo)
r2117	is a "raw " image of
r855	be
r2084	predicts
r58	isFundamental concepts(relatedTo)
r1162	not receiving
r178	isResearch(relatedTo)
r2342	correcting
r928	replaced
r1801	is the square of
r1116	are greater than $ 250 million per
r613	was created initially
r2303	to protect
r600	isMethodology(relatedTo)
r1433	is the percentage of
r716	is the second letter of
r2542	doing
r510	is a moment of
r1281	consisting entirely
r528	isTypes of charitable organizations(relatedTo)
r1715	[is] the compiler [of]
r1829	is no longer
r1353	is a concern in
r1088	was a product of
r1624	is an international standard for
r184	routing
r167	is Topics and terminology(relatedTo)
r2202	was a word processor application for
r942	numerical methods to solve pdes(relatedTo)
r977	mostly consists so long
r454	is the usual choice in
r1606	[is] viewer [of]
r543	is primarily
r270	is a cd and dvd authoring software program for
r919	specialized type systems(relatedTo)
r856	is a service from
r2358	isTheory  Terminology(relatedTo)
r2093	is running
r1120	is the two types of
r1318	is a smtp mail transfer agent for
r580	appeared
r1493	areas of work(relatedTo)
r1104	can assemble
r2388	could be controlling
r2306	is a multiple sequence alignment program for
r2313	is an algorithm in
r1950	makes
r2611	is the evaluation of
r2343	privately disapprove
r1431	is a dynamic object-oriented programming language for
r1246	is a member of
r1934	is the telephone equivalent of
r954	different types of dictionaries(relatedTo)
r278	is called
r2285	is a feature for
r2159	[is] an e-mail client [of]
r2156	is a wiki plugin for
r2570	is not exactly
r2193	was an extension of
r874	network properties(relatedTo)
r1774	to play
r1664	is a dutch virtual community for
r2529	is a finite representation of
r2	sameAs
r524	is a portion of
r1675	classification of critical points and extrema(relatedTo)
r1211	is the observed process of
r1315	discusses
r162	isFirst-order methods(relatedTo)
r1086	to complete
r2355	is a mathematically rich branch of
r17	isIndividual concepts(relatedTo)
r235	scientific approaches(relatedTo)
r1397	is broken up randomly reads
r592	types of simulation and modeling(relatedTo)
r2458	software development and administration(relatedTo)
r594	is a model of
r2625	is a container for
r145	is the coating or deposit of
r1047	known is
r1247	is a parallel extension of
r139	is an effect on
r1833	was a feature of
r988	is an iso standard for
r1351	terminology(relatedTo)
r1832	projects directly
r781	connects
r848	is an open addressing scheme in
r185	terminology and notation(relatedTo)
r1025	is such
r375	isTypes of stocks(relatedTo)
r2268	is the structural foundation of
r918	discretization methods(relatedTo)
r2536	is a critical tool in
r2498	is a passive form of
r480	isFree Software(relatedTo)
r1356	is an email management application for
r268	isSub-topics(relatedTo)
r214	isLicense types and standards(relatedTo)
r1501	was an application in
r2121	is a chat system that
r1867	is a system in
r1596	is a development of
r2387	principally entails
r2258	programming language theory(relatedTo)
r1600	examples of non-unitary modelling of(relatedTo)
r2003	is a sub-field of
r1018	is a statistical analysis add-in for
r1609	common user interaction systems for virtual s(relatedTo)
r130	is the branch of
r1026	committed
r1785	is the act or process of
r1726	reporting
r1277	is a joint effort among
r2340	is a program in
r821	counts
r2207	has replaced
r2354	is a subjectivist position in
r1938	is a sworn body of
r1805	loss-of-function techniques(relatedTo)
r1474	is an inferior planet from
r2012	is the most abundant element by
r851	was a type of
r2209	is a database application of
r457	is Components and accessories(relatedTo)
r987	formal system based on the(relatedTo)
r1283	is a feeling of
r228	is a branch of
r180	is also
r367	is an informal fallacy of
r1108	isProperties of sequences(relatedTo)
r1641	is a complete rendition of
r294	isFoundations(relatedTo)
r103	isExamples(relatedTo)
r1386	completed
r2287	is a tablet version of
r1213	isField concepts(relatedTo)
r1574	is an interpreted programming or script language from
r822	everyday techniques(relatedTo)
r394	might output
r1836	collected
r295	isCentral concepts(relatedTo)
r2421	a unification algorithm(relatedTo)
r435	further concepts(relatedTo)
r921	recent approaches and subfields(relatedTo)
r1060	is a free news aggregator for
r925	specified
r1377	statements of theorems(relatedTo)
r2322	is the adoption of
r1226	is an official subspeciality in
r2308	are the athletic teams of
r2100	general applications(relatedTo)
r656	specifies
r1406	described
r999	is later
r2198	accomplishes
r1846	isSmall Solar System bodies(relatedTo)
r1783	is an ad-hoc service in
r2179	combinations of methods(relatedTo)
r1662	being
r1534	to be released
r2588	is notably used
r2142	is more of
r1242	resembles
r2386	is a certain set in
r1822	is a freeware version of
r1146	may make
r1363	is a level of
r2037	is an internet-enabled smartphone by
r1401	is a live cd with
r2399	is a download manager for
r1717	live
r460	is the latest name for
r1222	combining
r1255	compresses
r2418	is a saas/cloud platform for
r2317	is an important property of
r2042	is the region of
r301	areas of study(relatedTo)
r1354	is a hill of
r385	is a class of
r2398	is the codename for
r1977	properties of lattices(relatedTo)
r2567	is a widely used software for
r343	representing
r2125	is an area in
r1396	do not have
r2091	was the browser-based version of
r2470	is a pattern of
r1592	clipping
r726	in decision-making research(relatedTo)
r320	isRelated fields(relatedTo)
r1518	causes
r1002	is the pattern of
r298	targeting
r1027	is any of
r2219	is an essential component of
r193	isMilitary applications(relatedTo)
r1594	resides
r1616	selected
r83	then is
r626	is an open source wiki
r1011	is a variation on
r1759	is a fortran 77 library for
r2525	also considers
r2496	is a function that
r652	is a computer game for
r1288	is offered
r2031	is a pulsar with
r1198	spent
r126	is an object-oriented , data-parallel superset of
r912	was inaugurated
r890	types of threat(relatedTo)
r11	is
r1238	to to to counteract
r1131	is a product that
r2642	is the three-dimensional representation of
r2310	sub-disciplines and related fields(relatedTo)
r731	isTheories of deduction(relatedTo)
r2604	is an object whereas
r897	is a u-shaped body of
r615	is an unfinished implementation of
r192	classification of s(relatedTo)
r2292	is the surveillance of
r939	is a variation of
r2231	is one branch of
r1814	is distributed
r632	is one aspect of
r1904	is a wiki-powered online encyclopedia of
r780	isBy operating system(relatedTo)
r1994	is a commercial computer software 3d
r377	is vacant
r2395	is involved
r980	particular tasks(relatedTo)
r1413	is the only nine-element signal in
r442	research and applications(relatedTo)
r1471	resembled
r968	utilizing
r404	definitions(relatedTo)
r2212	is an execution engine for
r149	is the family name for
r1345	is a temperature sensing device for
r341	isClassification(relatedTo)
r1172	has been provided
r2548	is an advanced version of
r2291	can prevent
r1928	is the visible text on
r706	is an opening in
r684	isGroup types(relatedTo)
r1942	is the discontinuation of
r1153	actually use
r598	isCurrent topics(relatedTo)
r940	embedded design(relatedTo)
r1273	gpu accelerated molecular modelling software(relatedTo)
r1234	isDesigners(relatedTo)
r964	is the efficient and effective development of
r2621	to be programmed
r227	isAllied Countermeasures(relatedTo)
r1491	is a state of
r1895	is a free and open source window manager for
r737	is a flat plane or sheet of
r219	to be
r2218	is the transformation of
r440	is an interdisciplinary field of
r2120	to compress
r1973	executes
r2312	to formally regulate
r1280	is a relatively new form of
r466	[is] god [of]
r2456	is a small form factor macintosh personal computer from
r73	is a disk cloning utility for
r1001	spanning
r2350	is a rapidly growing area of
r397	running
r992	is a theory in
r362	design considerations(relatedTo)
r2016	algorithms with mathematical guarantees(relatedTo)
r342	was bcd ( binary coded decimal ) math with
r2549	was a social application for
r1945	is a handheld game console by
r2594	was removed
r2337	is a sequential design strategy for
r2435	is an engineering analysis and simulation software product of
r2187	is a problem in
r1065	is a multiplatform interpreter for
r2015	is a medical imaging modality that
r788	topics and concepts(relatedTo)
r2640	is a modular chat client with
r1880	is a recursive sorting algorithm with
r463	is an extension of
r2486	would not normally have induced
r1679	is a normal neurotransmitter in
r1459	is an indicator of
r1865	is the complementary opposite of
r1364	is the colorfulness of
r2524	is the time-based dependence of
r1394	isTheorems(relatedTo)
r15	is a high amplitude brain wave with
r283	isInteraction design(relatedTo)
r429	isSecond-order methods(relatedTo)
r2196	keep
r2420	preprocessing
r1457	isUniversity of North Texas System(relatedTo)
r1782	object-oriented concepts(relatedTo)
r116	types of databases(relatedTo)
r2116	is an inaccurate entry in
r371	real-variable techniques on the unit circle(relatedTo)
r1548	pull
r519	isDivisions(relatedTo)
r1141	corresponding systems(relatedTo)
r1882	is an unsupported os x application by
r313	is the removal or reversal of
r370	was a major milestone release of
r914	is an open source stacking window manager for
r511	can become
r1974	was a spreadsheet software program for
r1766	was the email client for
r1708	core theories(relatedTo)
r1007	is the family name of
r314	is a command line c/c++
r1228	is coded
r455	was given
r1306	also ensures
r1850	is the popular english name for
r641	is the active acquisition of
r1441	is intentional global-scale management of
r1644	is a system of
r183	is a group of
r1853	isPower-system automation(relatedTo)
r736	value function approaches(relatedTo)
r2315	is a software over
r223	isInformation systems(relatedTo)
r169	isDesigns  Completely randomized(relatedTo)
r2467	intended
r1276	are a major part of
r1955	therefore becomes
r1164	do n't have
r356	was a seven-cylinder air-cooled radial engine for
r617	is one of
r2583	types of equations(relatedTo)
r1311	is a free software audio player by
r2331	is an open source text editor for
r1279	is an industry-wide specification for
r2298	is an acronym for
r2086	to browse
r1747	is a test of
r836	is a mechanical source of
r662	isColor systems(relatedTo)
r66	code-named
r1790	was apple computer â€™s implementation of
r1602	design concepts(relatedTo)
r1271	appears
r188	isPropulsion controls, devices and fuel systems(relatedTo)
r312	is the one for
r2282	is the interdisciplinary application of
r1956	is the javascript debugger component of
r72	is an area of
r2430	academic divisions(relatedTo)
r2553	is a graphical and statistical add-in tool for
r1668	is stored
r1498	is the best-known type of
r1589	is a function computable by
r250	is a text editor for
r599	is a swirling body of
r1538	[is] addressable model [of]
r246	was created
r2104	is a software tool by
r1313	is any container with
r667	is a commercial implementation of
r593	[is] free source [of]
r433	isComplex measures(relatedTo)
r741	is the implementation of
r181	provides
r1660	is a commercial mind mapping application for
r1729	interface design(relatedTo)
r805	is a theory of
r989	is the open-source development version of
r280	is a superset of
r1546	advanced topics(relatedTo)
r504	isMeasures:(relatedTo)
r2473	is the default mail client in
r1873	decay timing: definitions and relations(relatedTo)
r1340	iec types(relatedTo)
r51	topics(relatedTo)
r1669	sends very quickly
r775	uncompressed
r1468	detects
r2162	to excel
r2200	[is] successor [of]
r946	is a paradigm in
r189	formal definitions(relatedTo)
r2140	is a graphical irc client for
r1750	history of the theory of infinite series(relatedTo)
r1443	volumetric techniques(relatedTo)
r707	remotely operated
r2369	is the default window manager for
r2319	philosophical theories(relatedTo)
r1165	are
r1924	[is] the seventh planet of
r2077	encountering
r808	continuous-time systems(relatedTo)
r2550	is an approximation scheme in
r413	applications to theories of utility(relatedTo)
r1085	(relatedTo)
r522	problems in(relatedTo)
r1422	is a product from
r2471	is the first smartphone by
r288	is the formal finding of
r725	isLimit theorems(relatedTo)
r1391	other applications of(relatedTo)
r1492	modeling other concurrency systems(relatedTo)
r2089	is a violently rotating column of
r2406	is the discrete probability distribution of
r759	is a somewhat spherical mass of
r165	institutional design(relatedTo)
r241	isRelevant fields(relatedTo)
r1611	to enter
r1744	is a mapping of
r1224	is the harvestable population growth of
r1237	is a function from
r474	is the potential of
r1713	is a relatively young subdiscipline of
r483	may optionally employ
r450	is a refinement of
r536	methods in development(relatedTo)
r254	can be sent can be easily keyed
r810	[is] the web browser [of]
r902	are the properties of
r2431	launch
r0	synonymOf
r579	is String theory(relatedTo)
r1553	main subjects of research(relatedTo)
r533	acquired
r672	type system(relatedTo)
r602	isAdvanced Techniques(relatedTo)
r673	is the file extension for
r554	isLegal theory(relatedTo)
r1052	is a style of
r1469	[is] machine [of]
r1828	is the watt per
r357	was a seven-cylinder , air-cooled , radial engine for
r1310	transforms
r1794	is a peer-to-peer video calling software for
r300	isFree software(relatedTo)
r306	properties and applications(relatedTo)
r1360	is the standard terminal emulator for
r1257	are 1 and 0 by
r225	is a spreadsheet program from
r1067	is any part of
r840	the theorem(relatedTo)
r2185	axiomatic systems(relatedTo)
r2004	is an advanced orthodox file manager for
r1429	is the soft foot of
r2405	is another model of
r2103	supersedes
r2522	spading
r1749	non-examples(relatedTo)
r398	is a third-party plug-in for
r2167	is the condition of
r1517	is freedom from
r1691	is a wordless open semantic form of
r1151	signing
r904	is used
r995	what kinds of decisions need a theory?(relatedTo)
r1235	does not necessarily constitute
r970	definition and properties(relatedTo)
r2081	to transfer
r19	subDivision(relatedTo)
r758	is an application program from
r1304	isFundamental types(relatedTo)
r1820	examples and extensions(relatedTo)
r990	is a compact viewer for
r1367	is a solid piece of
r1685	is the chief component of
r766	existing commercialized applications(relatedTo)
r1125	to take
r953	isHigher-order methods(relatedTo)
r1264	is an open source compiler generator ( or interpreter generator ) in
r402	is a simple version of
r1936	is the increase of
r27	theorem/theory(relatedTo)
r1584	is a proposed hybrid digital radio format for
r1889	design and construction(relatedTo)
r1883	is a lightweight version of
r795	is an application launcher for
r1891	is an open source secure shell client for
r2344	images
r1519	is a free and open-source password manager program for
r1827	is   Paradoxes Problems(relatedTo)
r2436	is the eleventh most abundant element by
r5	protein structure and terminology(relatedTo)
r2214	may also simply be called
r190	isMain topics(relatedTo)
r1017	is the concept that
r496	role in scientific research and development(relatedTo)
r1539	to highlight
r575	specialized s(relatedTo)
r1148	have
r1369	is any behavior of
r612	to exchange
r1540	[is] a special case of
r2284	releases only
r1884	is a field in
r245	data-structureFor
r1454	is the most common form of
r1809	is a high-speed form of
r1412	share
r1929	is the clickable words and characters in
r1168	is short for
r1793	modern theories(relatedTo)
r2175	was stopped
r1700	is the default summation algorithm in
r2584	linear system(relatedTo)
r2552	is a population shift from
r978	is an automated theorem prover for
r2581	was an intelligent user interface for
r551	is the process of
r1335	is a pseudospectral method for
r1978	logically admits
r986	integrated circuits, vlsi design, testing and cad(relatedTo)
r2595	is composed
r35	applications(relatedTo)
r2076	is an interdisciplinary subfield of
r870	is the first example of
r2314	applications of(relatedTo)
r1840	is a symmetric key block cipher with
r1858	is an open standard for
r2272	is a popular plugin for
r1800	is a mac os x server only application by
r880	is a characteristic of
r1686	is a specialized form of
r544	is acronym for million instructions per
r1239	applied
r876	isAnalytic examples(relatedTo)
r790	isServer software(relatedTo)
r2538	is the relative direction of
r2422	discontinued
r1815	was discontinued
r1061	is a complete rewrite of
r1240	is not subject
r485	to represent
